{
  "region": "chr21:10000000-20000000",
  "n_individuals": 20,
  "n_haplotypes": 40,
  "shared_sites": 1099,
  "nea_specific_sites": 1099,
  "allele_direct": 6179,
  "allele_swapped": 20,
  "allele_strand": 69,
  "allele_incompatible": 127,
  "n_segments": 94,
  "mean_ancestry_fraction": 0.024592734999999998,
  "mean_segment_length_kb": 104.64993617021277,
  "per_haplotype_ancestry": [
    0.012141,
    0.0124643,
    0.0575025,
    0.0043122,
    0.0083774,
    0.0895595,
    0.0202507,
    0.0043122,
    0.0116418,
    0.0043122,
    0.0043122,
    0.0116418,
    0.0448369,
    0.0710824,
    0.0020296,
    0.0083774,
    0.0083774,
    0.0036527,
    0.051826,
    0.0083774,
    0.0020296,
    0.0168852,
    0.0541086,
    0.0231823,
    0.0039044,
    0.0541086,
    0.0710824,
    0.051826,
    0.0036527,
    0.0207944,
    0.0665635,
    0.0062575,
    0.0470742,
    0.0083774,
    0.0036527,
    0.0093592,
    0.0593705,
    0.0043122,
    0.0357508,
    0.0020296
  ]
}