{
  "CEU": {
    "population": "CEU",
    "region": "chr21:10000000-46709983",
    "region_len_bp": 36709983,
    "n_individuals": 20,
    "n_haplotypes": 40,
    "shared_vindija_sites": 1036,
    "n_segments": 187,
    "mean_ancestry_fraction": 0.010990434127959144,
    "std_ancestry_fraction": 0.005973153565842154,
    "mean_segment_length_kb": 86.30131550802139,
    "median_segment_length_kb": 56.744,
    "per_haplotype_ancestry": [
      0.009844924199501809,
      0.009240483712563963,
      0.006147455856898653,
      0.012401694656192022,
      0.011899787586390329,
      0.012272547225096781,
      0.006598668269609386,
      0.003538601475244486,
      0.023946319996933804,
      0.005481696899723435,
      0.006972381327444363,
      0.023946319996933804,
      0.022876965102381006,
      0.010356011333483864,
      0.01158172696511464,
      0.0030879611140108673,
      0.011899787586390329,
      0.013584560908132265,
      0.004886409236419423,
      0.01671076774947022,
      0.006594609428176526,
      0.011021089276995851,
      0.0138268928100566,
      0.011810574796506988,
      0.01413236829883577,
      0.015579685776482109,
      0.022016926567359076,
      0.013297173142248526,
      0.0037397729113631023,
      0.01307415478781344,
      0.015165820153062996,
      0.00046995390872286703,
      0.011736780155959211,
      0.017601560861523688,
      0.016266992005961975,
      0.003794036080049397,
      0.007216020775602103,
      0.0005163990405552626,
      0.005127705997575646,
      0.009353777145579174
    ]
  },
  "CHB": {
    "population": "CHB",
    "region": "chr21:10000000-46709983",
    "region_len_bp": 36709983,
    "n_individuals": 20,
    "n_haplotypes": 40,
    "shared_vindija_sites": 906,
    "n_segments": 208,
    "mean_ancestry_fraction": 0.009784365740512602,
    "std_ancestry_fraction": 0.005165926694502745,
    "mean_segment_length_kb": 69.07382692307692,
    "median_segment_length_kb": 27.484,
    "per_haplotype_ancestry": [
      0.014199625208216523,
      0.004315420140619515,
      0.013035228046823121,
      0.003194389929300703,
      0.005738139404749929,
      0.007234735031067707,
      0.011681972176342332,
      0.009734981353709697,
      0.01431302760341785,
      0.0074751873352815225,
      0.019241114876027046,
      0.005118634895581401,
      0.00795772637650091,
      0.01268202712052468,
      0.005361729532808555,
      0.024610335559131148,
      0.01615094727774731,
      0.004547863724153727,
      0.0022958877425794505,
      0.01268540494829431,
      0.008565408488475737,
      0.006080416871890134,
      0.009952824004304224,
      0.015896275408245217,
      0.023019869009473528,
      0.009812344505852808,
      0.010592949607195406,
      0.006648000899373884,
      0.01266097017805756,
      0.0060945819560853515,
      0.004039773050289889,
      0.009143943215664252,
      0.008838794613443434,
      0.011032503065991614,
      0.008693221132791045,
      0.009076904230655733,
      0.0015612374432317226,
      0.008817901114255487,
      0.004600955549339263,
      0.014671376993010321
    ]
  }
}