{
  "CEU": {
    "population": "CEU",
    "region": "chr21:10000000-48000000",
    "n_individuals": 20,
    "n_haplotypes": 40,
    "shared_vindija_sites": 1036,
    "n_segments": 228,
    "mean_ancestry_fraction": 0.02278909342105263,
    "std_ancestry_fraction": 0.012183489193591683,
    "mean_segment_length_kb": 151.92728947368423,
    "median_segment_length_kb": 112.574,
    "per_haplotype_ancestry": [
      0.01786992105263158,
      0.02908763157894737,
      0.009284763157894737,
      0.013396263157894737,
      0.03208407894736842,
      0.019891473684210525,
      0.024266026315789474,
      0.010238684210526316,
      0.03111878947368421,
      0.006320342105263158,
      0.01913936842105263,
      0.03111878947368421,
      0.04905542105263158,
      0.0227145,
      0.025398605263157896,
      0.007699578947368421,
      0.018853578947368423,
      0.04281778947368421,
      0.018263526315789473,
      0.022127263157894737,
      0.01643957894736842,
      0.04318442105263158,
      0.022663105263157894,
      0.03188034210526316,
      0.014677342105263157,
      0.028268736842105263,
      0.045212,
      0.027833184210526316,
      0.008175684210526316,
      0.04516778947368421,
      0.020720473684210525,
      0.0036381578947368423,
      0.02531434210526316,
      0.021720473684210526,
      0.04540915789473684,
      0.003962052631578948,
      0.014974157894736842,
      0.004936605263157895,
      0.021596657894736842,
      0.015043078947368421
    ]
  },
  "CHB": {
    "population": "CHB",
    "region": "chr21:10000000-48000000",
    "n_individuals": 20,
    "n_haplotypes": 40,
    "shared_vindija_sites": 906,
    "n_segments": 251,
    "mean_ancestry_fraction": 0.0208758875,
    "std_ancestry_fraction": 0.007681558544436552,
    "mean_segment_length_kb": 126.4197171314741,
    "median_segment_length_kb": 89.924,
    "per_haplotype_ancestry": [
      0.02346878947368421,
      0.0178485,
      0.025417263157894738,
      0.010350684210526316,
      0.013331026315789474,
      0.018109815789473686,
      0.023470447368421053,
      0.011164736842105264,
      0.02931171052631579,
      0.029195157894736843,
      0.027279368421052632,
      0.01057721052631579,
      0.026508736842105262,
      0.02812478947368421,
      0.01719234210526316,
      0.0468203947368421,
      0.027714684210526315,
      0.017981026315789475,
      0.013640157894736842,
      0.019550552631578948,
      0.019438815789473683,
      0.009386868421052632,
      0.02017428947368421,
      0.028452947368421053,
      0.03164584210526316,
      0.03012528947368421,
      0.021841184210526315,
      0.015003342105263159,
      0.02270528947368421,
      0.016110105263157894,
      0.018485289473684212,
      0.011689236842105263,
      0.015744421052631578,
      0.017398394736842106,
      0.02712413157894737,
      0.012129973684210526,
      0.009135157894736842,
      0.02139528947368421,
      0.027065184210526314,
      0.02292705263157895
    ]
  }
}